{
    "val_loss": 289.1057536973069,
    "train_loss": 195.02414483587253,
    "epoch": 4000,
    "total_epochs": 4000,
    "optimizer": "Adam",
    "learning_rate": 0.01,
    "n_neurons": 6,
    "features": 10,
    "days_to_predict": 1,
    "days_to_train": 4,
    "device": "cuda",
    "timestamp": "2025-07-08T03:16:45.127239"
}