{
    "val_loss": 59515.34847878398,
    "train_loss": 71168.38430685579,
    "epoch": 1,
    "total_epochs": 1,
    "optimizer": "Adam",
    "learning_rate": 0.001,
    "n_neurons": 4,
    "features": 12,
    "days_to_predict": 2,
    "days_to_train": 3,
    "device": "cuda",
    "timestamp": "2025-06-11T01:42:54.599349"
}