{
    "val_loss": 454.0384688269475,
    "train_loss": 361.1741701794259,
    "epoch": 4500,
    "total_epochs": 4500,
    "optimizer": "Adam",
    "learning_rate": 0.01,
    "n_neurons": 6,
    "features": 10,
    "days_to_predict": 1,
    "days_to_train": 4,
    "device": "cuda",
    "timestamp": "2025-07-09T02:16:42.346985"
}