{
    "test_mse": 67255.41801923551,
    "test_mae": 11.198136116049783,
    "test_samples": 292624,
    "timestamp": "2025-06-07T01:52:09.288545"
}