{
    "test_mse": 59517.37487164839,
    "test_mae": 15.728718726498919,
    "test_samples": 58525,
    "timestamp": "2025-06-15T00:39:34.929207"
}