{
    "test_mse": 59517.37487164841,
    "test_mae": 15.72871872649891,
    "test_samples": 58525,
    "timestamp": "2025-06-11T01:44:27.156096"
}