{
  "classification_report": {
    "False": {
      "precision": 0.9680851063829787,
      "recall": 0.9479166666666666,
      "f1-score": 0.9578947368421052,
      "support": 96.0
    },
    "True": {
      "precision": 0.782608695652174,
      "recall": 0.8571428571428571,
      "f1-score": 0.8181818181818182,
      "support": 21.0
    },
    "accuracy": 0.9316239316239316,
    "macro avg": {
      "precision": 0.8753469010175763,
      "recall": 0.9025297619047619,
      "f1-score": 0.8880382775119617,
      "support": 117.0
    },
    "weighted avg": {
      "precision": 0.934794468559501,
      "recall": 0.9316239316239316,
      "f1-score": 0.9328180591338486,
      "support": 117.0
    }
  },
  "confusion_matrix": [
    [
      91,
      5
    ],
    [
      3,
      18
    ]
  ],
  "accuracy": 0.9316239316239316,
  "model_type": "gini",
  "timestamp": "2025-06-16T22:27:03.664390",
  "model_filename": "models/DT/best_gini_tree.joblib"
}