{
  "classification_report": {
    "False": {
      "precision": 0.94,
      "recall": 0.9894736842105263,
      "f1-score": 0.9641025641025641,
      "support": 95.0
    },
    "True": {
      "precision": 0.9411764705882353,
      "recall": 0.7272727272727273,
      "f1-score": 0.8205128205128205,
      "support": 22.0
    },
    "accuracy": 0.9401709401709402,
    "macro avg": {
      "precision": 0.9405882352941176,
      "recall": 0.8583732057416268,
      "f1-score": 0.8923076923076922,
      "support": 117.0
    },
    "weighted avg": {
      "precision": 0.9402212166918049,
      "recall": 0.9401709401709402,
      "f1-score": 0.9371027832566293,
      "support": 117.0
    }
  },
  "confusion_matrix": [
    [
      94,
      1
    ],
    [
      6,
      16
    ]
  ],
  "accuracy": 0.9401709401709402,
  "model_type": "gini",
  "timestamp": "2025-06-27T01:16:59.986839",
  "model_filename": "models/DT/best_gini_tree.joblib"
}