{
  "classification_report": {
    "False": {
      "precision": 0.9204184186237309,
      "recall": 0.9376305892185541,
      "f1-score": 0.9289447808311339,
      "support": 19144.0
    },
    "True": {
      "precision": 0.6609880749574105,
      "recall": 0.6,
      "f1-score": 0.6290191840043231,
      "support": 3880.0
    },
    "accuracy": 0.880733148019458,
    "macro avg": {
      "precision": 0.7907032467905707,
      "recall": 0.768815294609277,
      "f1-score": 0.7789819824177284,
      "support": 23024.0
    },
    "weighted avg": {
      "precision": 0.8766992675889271,
      "recall": 0.880733148019458,
      "f1-score": 0.8784013776132732,
      "support": 23024.0
    }
  },
  "confusion_matrix": [
    [
      17950,
      1194
    ],
    [
      1552,
      2328
    ]
  ],
  "accuracy": 0.880733148019458,
  "model_type": "entropy",
  "timestamp": "2025-07-09T02:29:58.591344",
  "model_filename": "../models/DT/best_entropy_tree.joblib"
}