{
  "classification_report": {
    "False": {
      "precision": 0.9197540353574174,
      "recall": 0.9375783535311325,
      "f1-score": 0.9285806668563594,
      "support": 19144.0
    },
    "True": {
      "precision": 0.6594471359361641,
      "recall": 0.5963917525773196,
      "f1-score": 0.6263364460684802,
      "support": 3880.0
    },
    "accuracy": 0.8800816539263377,
    "macro avg": {
      "precision": 0.7896005856467907,
      "recall": 0.766985053054226,
      "f1-score": 0.7774585564624198,
      "support": 23024.0
    },
    "weighted avg": {
      "precision": 0.8758871673173521,
      "recall": 0.8800816539263377,
      "f1-score": 0.8776465295797363,
      "support": 23024.0
    }
  },
  "confusion_matrix": [
    [
      17949,
      1195
    ],
    [
      1566,
      2314
    ]
  ],
  "accuracy": 0.8800816539263377,
  "model_type": "gini",
  "timestamp": "2025-07-09T02:29:58.496603",
  "model_filename": "../models/DT/best_gini_tree.joblib"
}