{
  "classification_report": {
    "False": {
      "precision": 0.919594997022037,
      "recall": 0.8648648648648649,
      "f1-score": 0.8913906328931226,
      "support": 7141.0
    },
    "True": {
      "precision": 0.47554347826086957,
      "recall": 0.6183745583038869,
      "f1-score": 0.5376344086021505,
      "support": 1415.0
    },
    "accuracy": 0.8241000467508182,
    "macro avg": {
      "precision": 0.6975692376414533,
      "recall": 0.7416197115843759,
      "f1-score": 0.7145125207476366,
      "support": 8556.0
    },
    "weighted avg": {
      "precision": 0.8461573042862899,
      "recall": 0.8241000467508182,
      "f1-score": 0.8328860679829163,
      "support": 8556.0
    }
  },
  "confusion_matrix": [
    [
      6176,
      965
    ],
    [
      540,
      875
    ]
  ],
  "accuracy": 0.8241000467508182,
  "model_type": "entropy",
  "timestamp": "2025-07-08T02:29:21.565233",
  "model_filename": "../models/DT/best_entropy_tree.joblib"
}